id;name;image_url;description;is_limited_time_only;related_product_id;display_order;label;abbr_label;is_default
1;Steel;Assistant;cross-platform Principal;false;34790;81149;Computer Legacy deposit;THX Car;false
2;Steel;withdrawal models partnerships;Korea transmitting New;false;20811;4189;Malagasy intranet;neutral;false
3;Business-focused;Rubber;aggregate Security Data;false;58781;89275;auxiliary;COM Implementation Awesome;true
4;Prairie;invoice;Bike Shoes Center;false;26845;88292;Checking Account Renminbi;Consultant online;true
5;open-source;Fantastic;Buckinghamshire;false;44109;86012;Implementation;application grey solution;true
6;systems Gorgeous;Brand;Plastic Cambridgeshire;false;2730;91979;Ukraine;Chicken Account transmit;false
7;Kids IB;Algeria Rustic;Taka;true;33918;80631;Practical Solutions Tuvalu;Square Checking Coordinator;false
8;capacity Administrator CFA;Colombian B2C;bypassing Gateway Virtual;true;76795;42914;Account Concrete;Soft;true
9;pink Sausages;Computers Man;Electronics;false;45868;96313;protocol;index;true
10;killer Wooden;turquoise;pixel Dollar;false;43887;8574;Specialist;Keyboard;false
